id,category,title,abstract,reference,commentary,crm,lineP,yakki,doi,drive
1,糖化酵素,Thermostable α-Amylases and Laccases from Koji Mold ／ 麹菌由来の耐熱性α-アミラーゼおよびラッカーゼ,"麹菌（Aspergillus oryzae）由来の耐熱性α-アミラーゼおよびラッカーゼについて解説。これらの酵素は高温条件下でも安定した活性を示し、食品・バイオ産業における応用可能性が高い。特に、でん粉の液化・糖化プロセスへの利用や、フェノール化合物の酸化分解への応用が検討されている。","Nevalainen H & Peterson R (2014). Thermostable Enzymes from Aspergillus. In: Aspergillus: Molecular Biology and Genomics. Caister Academic Press.","麹菌が産生する工業用酵素の耐熱性に関する基礎研究。オリゼの製品開発において、酵素の安定性向上や機能性訴求の根拠として活用可能。","麹菌が持つ天然の消化酵素の力を「天然の消化サポーター」としてコンテンツ化。胃腸に優しい食品という訴求軸で健康意識の高い40〜50代にリーチ。定期購入会員向けに「なぜ麹は消化に良いのか」を科学的に解説するメールシリーズとして展開できる。",FALSE,FALSE,,https://drive.google.com/drive/folders/1_mMSoAe0T4OTnLd1x1b33A0RBCiSdkTj
2,米麹・発酵,Effects of A. oryzae-derived rice-koji protein on sake metabolome ／ A. oryzae由来米麹タンパク質が清酒メタボロームに与える影響,"米麹タンパク質（Aspergillus oryzae由来）が清酒メタボロームに与える影響を網羅的に解析した研究。麹由来タンパク質が発酵代謝産物のプロファイルを変化させることを示し、アミノ酸・有機酸の組成に顕著な影響をもたらすことを明らかにした。清酒の味わい・品質との相関についても考察している。","Tanaka M et al. (2020). Proteomic analysis of rice-koji and its contribution to sake metabolite profiles. Food Chemistry, 315, 126220.","清酒発酵における麹タンパク質の役割を代謝レベルで明らかにした重要論文。発酵制御や品質設計への応用が期待される。","発酵が生み出すアミノ酸・有機酸の豊かさを「旨みの科学」としてコンテンツ化。日本酒・発酵食品ファン向けに、麹発酵がもたらす複雑な味わいの背景を解説する顧客教育コンテンツとして活用。製品への理解と愛着を深めるメルマガシリーズの連載素材に適している。",FALSE,FALSE,,https://drive.google.com/drive/folders/1_mMSoAe0T4OTnLd1x1b33A0RBCiSdkTj
3,麹菌・健康機能,Intake of Koji Amazake Improves Defecation Frequency in Healthy Adults ／ 麹甘酒の摂取は健康成人の排便頻度を改善する,"健康成人を対象としたランダム化二重盲検プラセボ対照試験において、麹甘酒の摂取が排便頻度および腸内フローラを改善することを実証。摂取群はプラセボ群と比較して2〜4週時点で排便頻度が有意に増加（5.09 vs 4.14回/週）。A. oryzae菌体（302±15.5 mg/118g）が主要な機能成分として同定された。","Kurahashi A, Enomoto T, Oguro Y et al. (2021). Intake of Koji Amazake Improves Defecation Frequency in Healthy Adults. Journal of Fungi, 7(9), 782. https://doi.org/10.3390/jof7090782","ヒトRCTによる排便改善効果を実証した高エビデンスレベルの論文。機能性表示食品届出（腸内環境・便通）の科学的根拠として最も活用価値が高い。","「2週間腸活チャレンジ」として毎朝の甘酒習慣と排便記録を組み合わせたLINEアンケート企画を設計。RCT論文のデータをビジュアル化し、摂取1・2・4週目に変化を期待させるステップ配信で継続率と定期購入率を向上させる。",FALSE,TRUE,TRUE,10.3390/jof7090782,https://drive.google.com/file/d/1bwgASMAZMZLQKduav9dPXKgQSMy34j2K/view
4,麹菌・健康機能,The postbiotic potential of Aspergillus oryzae – a narrative review ／ Aspergillus oryzaeのポストバイオティクスとしての可能性：ナラティブレビュー,"Aspergillus oryzaeの発酵産物がポストバイオティクスとして持つ潜在的な健康効果を包括的にレビュー（Frontiers in Microbiology 2024）。細胞壁構成成分・酵素・細胞外高分子物質・各種代謝産物の分子組成を詳述し、腸内細菌叢調節・腸管上皮バリア機能改善・免疫応答・代謝・神経系シグナルへの影響を評価。","Seidler Y, Rimbach G, Lüersen K, Vinderola G, Ipharraguerre IR (2024). The postbiotic potential of Aspergillus oryzae – a narrative review. Frontiers in Microbiology, 15, 1452725. https://doi.org/10.3389/fmicb.2024.1452725","2024年最新の包括的レビュー。ポストバイオティクスとして麹菌を位置づけた新視点で、オリゼのブランドコンセプトの科学的根拠として活用価値が高い。","「生きていなくても効く」というポストバイオティクスの新概念を分かりやすく解説するコンテンツを制作。乳酸菌サプリとの明確な差別化として「なぜ麹なのか」を語るブランドストーリーに活用。定期便会員の解約防止メールのコア素材としても有効。",FALSE,FALSE,FALSE,10.3389/fmicb.2024.1452725,https://drive.google.com/file/d/1n4YtHleroBQ_5F9m645lPBtfq32fFqBN/view
5,麹菌・健康機能,麴で造られる醸造食品のグリコシルセラミド定量手法の検討とそれを用いた定量,"TLC-オルシノール硫酸染色法を用いた醸造食品中のグリコシルセラミド（GC）定量法を確立。甘酒・濁り酒・塩麹に多量のGCが含まれ、甘酒1杯（200mL）で最大4.15 mgのGC摂取が可能なことを初めて明らかにした。味噌1杯あたり0.37 mg、一食の組み合わせで最大8.69 mgの麹GC摂取が推定された。","阪本真由子・酒谷真以・Jannatul Ferdouseほか（2017）. 麴で造られる醸造食品のグリコシルセラミド定量手法の検討とそれを用いた定量. 日本醸造学会誌（醸協）, 112(9), 655-662.","醸造食品中のGC含量を初めて定量した基礎的重要論文。甘酒・濁り酒・塩麹のGC含量の根拠データとして製品開発・機能性訴求に直結する。","「甘酒1杯でセラミド4.15mg」という具体的数値を使った美容訴求コンテンツを制作。「飲む保湿ケア」として高価な美容サプリとの比較訴求や、スキンケア意識の高い30〜40代女性向けの季節別メルマガ・LP素材として活用できる。",FALSE,TRUE,FALSE,,https://drive.google.com/file/d/1rg2zVV17vCtArp7xXDYpIup6oOvpIG5c/view
6,麹菌・健康機能,麹に含まれるグリコシルセラミドの健康効果,"麹グリコシルセラミド（GC）の健康効果を多角的に解説した総説。①腸内細菌叢の改善（Blautia coccoides増加）、②肝臓コレステロール低減（db/dbマウス試験でCYP7A1・ABCG8遺伝子発現増加）、③メタボリックシンドローム改善効果（培養細胞でPPAR活性化・GPR120活性化）の3つの健康機能を報告。","山本裕貴・浜島弘史・田中優ほか（北垣浩志）（2019）. 麹に含まれるグリコシルセラミドの健康効果. 生物工学, 97(4), 182-184.","麹GCの健康機能を腸内細菌・コレステロール・メタボ改善の3方向で整理した総説。将来のヒト試験設計やエビデンス整備の基盤として活用可能。","「腸×肝臓×代謝」の三角形で麹の健康機能を図解したメールコンテンツを制作。健康診断シーズン（3〜4月・9〜10月）に合わせてコレステロール・メタボ改善の文脈で訴求。40〜60代向けLINEセグメント配信の季節施策に活用できる。",FALSE,TRUE,FALSE,,https://drive.google.com/file/d/1vk7FqXrtcIDzDUQGTromkUxgKC9lAMcB/view
7,麹菌ゲノム,Genome sequencing and analysis of the food-relevant fungus Aspergillus oryzae ／ 食品関連菌Aspergillus oryzaeのゲノム配列決定と解析,"Aspergillus oryzaeの全ゲノム塩基配列を決定・解析したlandmark論文（Nature掲載）。約12,000遺伝子を持つゲノムを解読し、二次代謝産物合成・酵素産生・タンパク質分泌に関わる遺伝子クラスターを同定。近縁の病原菌A. fumigatusやA. nigerとの比較ゲノム解析から、麹菌の食品特化した進化的背景が明らかになった。","Machida M, Asai K, Sano M, Tanaka T, Kumagai T, Terai G et al. (2005). Genome sequencing and analysis of Aspergillus oryzae. Nature, 438(7071), 1157-1161. https://doi.org/10.1038/nature04300","麹菌ゲノムを初めて完全解読した歴史的論文。麹菌の多様な機能の遺伝的根拠を示す基礎文献として、オリゼR&Dの権威性を示す根拠として参照価値が高い。","Nature掲載という圧倒的な権威性を活かし、麹菌の複雑さ・奥深さを「1万2千の遺伝子を持つ職人菌」というストーリーで表現する企業ブランディングコンテンツに活用。製品の品質・信頼感を高める会員限定コラムや商品同梱リーフレットの素材として有効。",FALSE,FALSE,FALSE,10.1038/nature04300,https://drive.google.com/drive/folders/1_mMSoAe0T4OTnLd1x1b33A0RBCiSdkTj
8,甘酒・健康機能,麴甘酒の成分・機能性・安全性に関する研究動向,"麹甘酒に含まれる栄養成分（必須アミノ酸・ビタミンB群・ミネラル）と機能性成分（GABA・エルゴチオネイン・コウジ酸・グリコシルセラミドなど）を網羅的にレビュー。疲労回復・睡眠改善・美肌・免疫賦活など多岐にわたる機能性と安全性評価の最新知見をまとめた総説。","岩野君夫・藤原茂樹（2020）. 麹甘酒の成分，機能性，安全性に関する研究の動向. 日本醸造協会誌, 115(4), 215-225.","麹甘酒の機能性・安全性に関する日本語総説。製品開発・広告表現の根拠整備や、消費者向け情報発信の科学的バックグラウンドとして参照価値が高い。","甘酒に含まれるGABA・エルゴチオネイン・コウジ酸など成分を月1回特集するメルマガ連載に活用。「睡眠」「美肌」「疲労回復」など各成分ごとに切り口を変えることで、購買動機の異なる顧客セグメントへのパーソナライズ配信設計が可能になる。",FALSE,TRUE,TRUE,,https://drive.google.com/drive/folders/1_mMSoAe0T4OTnLd1x1b33A0RBCiSdkTj
9,米・食品科学,Pectic polysaccharides of rice endosperm cell walls and their role in starch digestibility ／ 米胚乳細胞壁のペクチン質多糖類とでん粉消化性における役割,"米胚乳細胞壁を構成するペクチン質多糖類の構造を解析し、でん粉消化性への影響を検討した研究。細胞壁多糖類がでん粉の消化酵素へのアクセスを物理的に制限することで、血糖値上昇の抑制に寄与する可能性を示した。玄米と白米間での消化性差のメカニズムを細胞壁成分の観点から考察している。","Mikkelsen MS, Engelsen SB, Hansen HCB, Larsen O, Fast Sørensen H (2010). Characterization of polysaccharides from rice endosperm and bran cell walls. Food Hydrocolloids, 24(2-3), 133-143.","米でん粉の消化性制御に関わる細胞壁多糖類の役割を明らかにした研究。米麹・米糀製品の血糖コントロール機能の科学的根拠として応用できる可能性がある。","「玄米・米糀を選ぶ科学的理由」として血糖値ゆるやか設計の訴求コンテンツに活用。健康診断で血糖値を指摘された層や糖尿病予備群向けに、食後血糖コントロールをサポートする食べ方提案として定期メールシリーズを展開できる。",FALSE,FALSE,FALSE,,https://drive.google.com/drive/folders/1_mMSoAe0T4OTnLd1x1b33A0RBCiSdkTj
